Start datetime utc,End datetime utc
2017-03-01T05:00,2017-3-2T04:59
2017-03-02T05:00,2017-3-3T04:59
2017-03-03T05:00,2017-3-4T04:59
2017-03-06T05:00,2017-3-7T04:59
2017-03-07T05:00,2017-3-8T04:59
2017-03-08T05:00,2017-3-9T04:59
2017-03-09T05:00,2017-3-10T04:59
2017-03-10T05:00,2017-3-11T04:59
2017-03-13T04:00,2017-3-14T03:59
2017-03-14T04:00,2017-3-15T03:59
2017-03-15T04:00,2017-3-16T03:59
2017-03-16T04:00,2017-3-17T03:59
2017-03-17T04:00,2017-3-18T03:59
2017-03-20T04:00,2017-3-21T03:59
2017-03-21T04:00,2017-3-22T03:59
2017-03-22T04:00,2017-3-23T03:59
2017-03-23T04:00,2017-3-24T03:59
2017-03-24T04:00,2017-3-25T03:59
2017-03-27T04:00,2017-3-28T03:59
2017-03-28T04:00,2017-3-29T03:59
2017-03-29T04:00,2017-3-30T03:59
2017-03-30T04:00,2017-3-31T03:59
2017-03-31T04:00,2017-4-1T03:59
2017-04-03T04:00,2017-4-4T03:59
2017-04-04T04:00,2017-4-5T03:59
2017-04-05T04:00,2017-4-6T03:59
2017-04-06T04:00,2017-4-7T03:59
2017-04-07T04:00,2017-4-8T03:59
2017-04-10T04:00,2017-4-11T03:59
2017-04-11T04:00,2017-4-12T03:59
2017-04-12T04:00,2017-4-13T03:59
2017-04-13T04:00,2017-4-14T03:59
2017-04-14T04:00,2017-4-15T03:59
2017-04-17T04:00,2017-4-18T03:59
2017-04-18T04:00,2017-4-19T03:59
2017-04-19T04:00,2017-4-20T03:59
2017-04-20T04:00,2017-4-21T03:59
2017-04-21T04:00,2017-4-22T03:59
2017-04-24T04:00,2017-4-25T03:59
2017-04-25T04:00,2017-4-26T03:59
2017-04-26T04:00,2017-4-27T03:59
2017-04-27T04:00,2017-4-28T03:59
2017-04-28T04:00,2017-4-29T03:59
2017-05-01T04:00,2017-5-2T03:59
2017-05-02T04:00,2017-5-3T03:59
2017-05-03T04:00,2017-5-4T03:59
2017-05-04T04:00,2017-5-5T03:59
2017-05-05T04:00,2017-5-6T03:59
2017-05-08T04:00,2017-5-9T03:59
2017-05-09T04:00,2017-5-10T03:59
2017-05-10T04:00,2017-5-11T03:59
2017-05-11T04:00,2017-5-12T03:59
2017-05-12T04:00,2017-5-13T03:59
2017-05-15T04:00,2017-5-16T03:59
2017-05-16T04:00,2017-5-17T03:59
2017-05-17T04:00,2017-5-18T03:59
2017-05-18T04:00,2017-5-19T03:59
2017-05-19T04:00,2017-5-20T03:59
2017-05-22T04:00,2017-5-23T03:59
2017-05-23T04:00,2017-5-24T03:59
2017-05-24T04:00,2017-5-25T03:59
2017-05-25T04:00,2017-5-26T03:59
2017-05-26T04:00,2017-5-27T03:59
2017-05-30T04:00,2017-5-31T03:59
2017-05-31T04:00,2017-6-1T03:59
