Start datetime UTC,End datetime UTC
2017-03-01T10:30,2017-03-01T14:29
2017-03-02T10:30,2017-03-02T14:29
2017-03-03T10:30,2017-03-03T14:29
2017-03-06T10:30,2017-03-06T14:29
2017-03-07T10:30,2017-03-07T14:29
2017-03-08T10:30,2017-03-08T14:29
2017-03-09T10:30,2017-03-09T14:29
2017-03-10T10:30,2017-03-10T14:29
2017-03-13T09:30,2017-03-13T13:29
2017-03-14T09:30,2017-03-14T13:29
2017-03-15T09:30,2017-03-15T13:29
2017-03-16T09:30,2017-03-16T13:29
2017-03-17T09:30,2017-03-17T13:29
2017-03-20T09:30,2017-03-20T13:29
2017-03-21T09:30,2017-03-21T13:29
2017-03-22T09:30,2017-03-22T13:29
2017-03-23T09:30,2017-03-23T13:29
2017-03-24T09:30,2017-03-24T13:29
2017-03-27T09:30,2017-03-27T13:29
2017-03-28T09:30,2017-03-28T13:29
2017-03-29T09:30,2017-03-29T13:29
2017-03-30T09:30,2017-03-30T13:29
2017-03-31T09:30,2017-03-31T13:29
2017-04-03T09:30,2017-04-03T13:29
2017-04-04T09:30,2017-04-04T13:29
2017-04-05T09:30,2017-04-05T13:29
2017-04-06T09:30,2017-04-06T13:29
2017-04-07T09:30,2017-04-07T13:29
2017-04-10T09:30,2017-04-10T13:29
2017-04-11T09:30,2017-04-11T13:29
2017-04-12T09:30,2017-04-12T13:29
2017-04-13T09:30,2017-04-13T13:29
2017-04-14T09:30,2017-04-14T13:29
2017-04-17T09:30,2017-04-17T13:29
2017-04-18T09:30,2017-04-18T13:29
2017-04-19T09:30,2017-04-19T13:29
2017-04-20T09:30,2017-04-20T13:29
2017-04-21T09:30,2017-04-21T13:29
2017-04-24T09:30,2017-04-24T13:29
2017-04-25T09:30,2017-04-25T13:29
2017-04-26T09:30,2017-04-26T13:29
2017-04-27T09:30,2017-04-27T13:29
2017-04-28T09:30,2017-04-28T13:29
2017-05-01T09:30,2017-05-01T13:29
2017-05-02T09:30,2017-05-02T13:29
2017-05-03T09:30,2017-05-03T13:29
2017-05-04T09:30,2017-05-04T13:29
2017-05-05T09:30,2017-05-05T13:29
2017-05-08T09:30,2017-05-08T13:29
2017-05-09T09:30,2017-05-09T13:29
2017-05-10T09:30,2017-05-10T13:29
2017-05-11T09:30,2017-05-11T13:29
2017-05-12T09:30,2017-05-12T13:29
2017-05-15T09:30,2017-05-15T13:29
2017-05-16T09:30,2017-05-16T13:29
2017-05-17T09:30,2017-05-17T13:29
2017-05-18T09:30,2017-05-18T13:29
2017-05-19T09:30,2017-05-19T13:29
2017-05-22T09:30,2017-05-22T13:29
2017-05-23T09:30,2017-05-23T13:29
2017-05-24T09:30,2017-05-24T13:29
2017-05-25T09:30,2017-05-25T13:29
2017-05-26T09:30,2017-05-26T13:29
2017-05-30T09:30,2017-05-30T13:29
2017-05-31T09:30,2017-05-31T13:29
